Date,Max_Temperature,Min_Temperature,Humidity,Rainfall,Dengue_Cases,Population,Population_Density,Altitude,Health_Facilities,Mosquito_Abundance
2023-09-29,25,14,56,3,23,132580,495,861,45,87
2021-11-14,28,24,80,13,4,960857,111,112,41,164
2020-10-21,27,11,79,10,15,386445,226,990,32,139
2022-09-08,30,23,83,6,35,610273,289,266,4,63
2021-01-02,25,17,90,8,26,936609,153,374,19,172
2022-05-25,30,11,86,17,37,812930,279,336,10,87
2023-02-01,36,24,84,6,11,704788,448,557,2,66
2020-02-17,37,17,70,10,20,966998,202,514,28,137
2023-05-26,27,30,73,12,1,558707,387,967,46,147
2022-06-25,37,17,67,2,47,697576,120,357,38,143
2021-01-26,21,11,61,15,38,128516,263,105,25,187
2020-11-11,32,25,50,1,40,928601,412,885,5,194
2023-06-20,30,25,85,15,42,610111,257,854,35,147
2022-05-20,32,10,83,19,1,496033,158,7,26,83
2023-01-06,34,29,60,17,31,134282,482,578,1,170
2022-09-06,32,11,80,13,15,181680,82,619,46,175
2020-11-22,38,17,66,20,2,353954,311,11,11,161
2023-09-25,26,10,85,18,44,735608,408,706,50,143
2020-05-05,23,15,55,9,15,935889,56,916,43,58
2021-05-06,37,27,83,20,44,464537,255,467,29,72
2020-02-08,26,29,52,4,39,384025,279,4,1,184
2022-08-09,32,19,64,11,50,596564,203,2,45,87
2022-07-28,34,29,60,17,3,114927,481,922,2,101
2021-08-15,40,24,58,6,29,150850,161,801,42,67
2021-06-14,32,28,53,4,13,847508,73,266,7,188
2023-03-09,33,30,58,1,37,363919,373,284,12,155
2020-01-15,30,23,70,14,5,245171,313,283,12,113
2020-01-07,20,27,52,0,9,716851,277,114,43,108
2023-03-04,22,27,89,5,43,251145,233,961,7,166
2020-07-04,27,23,58,18,49,993295,122,190,11,132
2022-06-16,37,15,84,3,17,363594,324,512,3,135
2021-08-17,22,22,57,9,42,425785,193,877,16,64
2021-01-04,28,19,52,3,26,683853,180,398,45,102
2020-05-05,22,22,75,0,42,289343,351,265,2,91
2021-01-17,28,17,78,9,10,855504,443,778,40,196
2020-01-03,38,26,67,6,23,559230,217,745,44,123
2023-01-16,24,20,71,18,13,384281,327,870,33,100
2023-01-17,20,12,86,4,21,591628,164,21,25,95
2022-07-30,29,13,65,4,26,707304,158,701,20,180
2021-12-04,40,18,68,5,21,498588,63,21,38,81
2020-04-15,35,27,78,15,29,474753,165,940,48,142
2021-07-19,31,24,83,2,13,867529,433,840,30,116
2020-08-12,38,13,79,3,11,484266,253,25,1,155
2022-08-26,25,20,76,12,3,592621,420,860,44,176
2020-01-30,36,20,74,20,3,949471,363,98,42,130
2023-07-15,29,23,54,5,48,365812,175,151,37,90
2023-11-21,20,19,75,0,11,256992,197,720,10,142
2022-12-08,26,30,85,8,29,419205,231,592,33,176
2022-04-02,25,23,89,16,41,834806,163,528,28,97
2022-08-23,37,28,74,20,0,668419,189,737,27,184
2023-09-20,25,29,66,3,11,321367,109,944,2,132
2020-12-14,22,22,62,8,31,920353,112,72,4,57
2023-07-15,24,18,57,0,47,592774,326,362,3,105
2023-01-07,22,17,50,8,47,140621,276,487,26,187
2022-08-21,33,11,79,0,35,828967,238,43,9,71
2023-07-01,29,28,79,15,26,529037,460,729,20,190
2023-11-17,40,14,52,3,17,537297,339,965,48,193
2022-05-29,23,27,51,15,38,651444,169,698,9,51
2023-07-15,23,28,55,0,1,668066,255,584,32,124
2020-12-02,26,19,70,3,43,510561,396,303,49,93
2022-12-01,32,18,84,13,41,529777,120,636,20,138
2021-07-26,37,28,68,7,34,682442,254,729,23,103
2021-06-19,29,16,73,11,24,376721,446,3,43,198
2020-09-26,29,28,73,19,48,143234,100,352,36,82
2023-01-02,37,21,52,0,17,479593,130,260,43,190
2021-11-22,38,25,64,11,28,974100,186,945,28,141
2021-10-07,34,21,72,12,16,671192,430,214,7,189
2020-09-25,35,23,84,1,35,816792,436,361,14,95
2022-11-13,28,14,86,7,5,531144,395,526,9,85
2023-01-26,35,19,73,1,19,530483,59,408,34,152
2022-03-17,29,16,86,1,20,396971,93,678,15,164
2022-12-05,29,25,57,2,40,944208,225,47,49,126
2021-11-16,21,17,83,20,5,374969,390,479,36,134
2020-01-23,25,16,59,3,28,792401,279,488,2,82
2021-07-17,28,13,62,11,34,330497,393,499,42,102
2022-01-26,24,11,86,19,11,499750,140,947,7,188
2022-12-16,23,14,64,17,35,713486,337,595,19,51
2022-04-18,40,14,79,4,11,167136,103,459,47,163
2023-04-19,33,13,83,3,11,872933,218,182,43,196
2020-01-18,21,20,59,20,5,771523,388,260,37,124
2021-10-14,23,15,86,4,4,379969,58,952,36,179
2021-12-26,22,25,64,4,0,510594,474,726,12,113
2023-11-13,35,14,60,3,22,336487,358,646,30,75
2023-11-23,37,12,84,4,3,128536,54,539,3,132
2022-10-02,33,20,72,10,44,158346,465,314,21,78
2022-09-14,36,21,72,9,27,170660,209,772,43,111
2023-06-05,33,26,80,7,46,378286,428,434,8,104
2021-03-04,22,10,56,10,33,849093,453,607,28,169
2022-06-16,26,18,53,17,28,245279,50,435,2,158
2023-01-28,37,24,89,3,40,680365,490,87,37,143
2020-09-24,23,21,70,19,9,170381,208,341,6,138
2020-05-08,40,14,53,20,41,308185,151,540,35,141
2020-05-15,31,27,74,20,0,218651,288,908,14,88
2022-08-03,28,13,74,5,42,434508,313,507,14,108
2022-06-08,22,30,50,3,18,407306,398,598,35,147
2020-07-27,38,13,79,4,26,898614,321,377,34,181
2023-05-19,39,20,59,18,17,410129,89,181,37,80
2021-02-20,36,23,79,20,34,218107,464,240,12,156
2022-09-27,25,30,51,20,16,918185,316,274,4,71
2020-02-24,36,15,77,16,30,289608,429,72,13,193
2020-10-01,23,25,67,9,41,900083,190,871,48,175
2023-05-11,25,25,62,18,20,281697,460,629,3,64
2021-04-20,26,21,65,18,43,411890,481,501,38,97
2021-11-18,32,10,79,1,10,579569,369,134,41,109
2022-09-02,24,25,89,9,3,950328,132,206,47,159
2020-01-19,27,11,81,0,29,322919,137,439,10,148
2020-05-05,33,27,83,16,21,408489,294,337,45,178
2021-08-21,30,25,86,12,12,929303,194,295,43,125
2022-03-26,29,13,82,2,38,475811,391,142,23,137
2022-04-18,30,24,81,3,9,761154,67,346,6,169
2021-11-26,38,21,68,2,37,709097,386,956,40,88
2022-08-29,34,12,82,11,11,893237,301,899,27,108
2021-01-27,32,21,86,4,17,937401,67,341,21,171
2023-08-24,32,18,85,14,49,463681,373,602,6,184
2020-02-27,21,25,57,5,15,428176,223,695,21,70
2020-03-11,28,18,76,13,28,805128,105,189,30,151
2022-02-17,32,22,68,17,47,879939,333,937,22,89
2023-08-15,34,23,82,10,27,940107,253,842,40,152
2021-06-06,33,19,65,2,24,118322,144,799,13,149
2023-09-16,33,16,61,1,14,846199,239,118,43,55
2021-01-13,21,15,55,20,29,467268,495,84,42,132
2021-09-01,26,24,66,5,4,842203,145,508,37,183
2021-02-25,35,20,62,3,13,583557,318,789,30,129
2020-12-13,37,28,90,16,49,629388,71,278,49,118
2021-03-16,36,28,64,1,50,389188,463,880,13,105
2020-04-05,36,29,56,20,45,452995,384,525,50,108
2020-08-06,30,10,85,1,45,898309,331,345,27,135
2021-04-19,37,30,66,0,32,659071,320,630,50,165
2022-05-14,21,28,73,8,22,955555,325,257,31,65
2021-07-05,34,18,89,16,28,583300,177,983,46,133
2022-08-26,26,17,87,9,14,523814,422,251,41,95
2023-01-16,38,14,65,15,7,426490,101,398,36,137
2022-11-26,40,27,88,3,1,605396,446,281,8,68
2020-09-29,37,21,85,5,41,994671,104,958,35,123
2022-05-13,38,19,58,6,42,343269,447,221,18,120
2021-11-07,33,29,70,10,17,307319,497,760,38,113
2020-12-29,31,13,90,8,15,567003,246,657,15,163
2022-03-28,33,10,66,0,19,198262,197,696,19,103
2021-07-12,30,24,69,10,37,828639,151,193,8,152
2020-06-11,25,11,87,10,17,722059,334,327,5,144
2022-07-28,23,15,88,11,14,544142,125,716,24,85
2023-02-05,29,30,75,12,25,797778,344,469,23,115
2021-01-15,22,26,64,0,27,257374,464,245,2,154
2023-01-14,36,11,88,20,18,645270,446,233,26,59
2020-12-17,34,24,70,3,32,586811,407,698,16,88
2022-08-19,37,10,59,9,37,768088,201,609,35,170
2021-05-23,36,12,77,7,8,406832,201,898,4,169
2021-02-04,27,14,85,8,5,499400,121,234,35,110
2023-09-03,38,18,57,7,49,547390,355,219,25,161
2020-11-20,21,18,78,13,29,622313,119,665,27,191
2023-06-03,31,15,52,17,7,769806,147,51,11,68
2023-08-06,26,30,78,5,49,403857,367,739,2,111
2020-04-21,29,27,78,9,28,907438,170,522,14,51
2020-11-08,27,21,68,17,27,652421,55,833,34,67
2022-12-10,28,19,61,4,4,159411,477,515,8,136
2022-10-13,39,24,84,20,12,922301,145,820,49,184
2023-09-15,23,25,59,2,47,315666,214,68,26,81
2023-11-14,29,16,83,11,48,703833,310,66,41,78
2023-05-14,24,24,65,17,7,592954,442,68,22,136
2022-06-13,29,20,74,2,17,288967,470,136,6,143
2021-03-20,40,25,58,13,25,317636,277,743,42,116
2023-08-27,37,17,65,5,4,148654,343,185,19,126
2021-03-27,31,12,90,0,37,808586,268,420,40,70
2020-11-28,40,29,82,9,34,328066,174,348,30,93
2021-11-04,23,12,70,18,8,962548,358,527,4,125
2020-12-31,33,10,53,8,42,793682,220,557,37,70
2021-03-13,33,14,59,1,0,608266,384,707,39,165
2021-05-10,27,17,90,15,24,503664,219,616,11,169
2021-01-07,23,14,53,15,40,461251,215,22,8,179
2021-09-02,27,25,71,8,21,938588,86,648,17,160
2023-05-27,39,10,53,20,32,825832,94,477,14,119
2020-09-02,24,26,89,1,30,827493,380,670,15,86
2023-05-02,24,19,75,20,19,468932,431,597,13,73
2021-12-22,34,22,77,11,16,436333,489,288,24,100
2020-12-02,40,10,67,13,39,510679,232,205,10,112
2020-08-16,21,12,70,14,1,879050,399,725,44,98
2020-05-02,40,11,70,20,46,443201,386,608,5,195
2021-12-24,37,29,78,19,18,203145,312,333,2,141
2023-09-06,35,26,85,11,15,798132,163,313,50,176
2022-04-02,22,19,56,7,48,752383,496,787,42,55
2023-08-24,21,28,61,15,15,392820,229,249,13,197
2021-09-23,29,17,63,1,8,418174,485,534,36,73
2022-02-07,27,19,63,11,12,535379,429,890,12,69
2020-04-01,29,21,55,6,11,752887,226,397,13,117
2020-04-12,33,24,64,17,20,481115,140,502,32,156
2021-11-16,25,18,90,20,17,968205,103,900,31,152
2023-05-27,22,24,53,11,10,285906,235,938,28,158
2021-09-25,23,21,85,15,22,971322,234,276,31,98
2020-04-06,22,25,61,4,9,765434,355,864,44,154
2021-10-29,40,14,85,14,38,185548,87,710,48,105
2022-08-18,27,15,61,0,19,406002,103,968,26,182
2023-08-24,22,21,65,4,8,936404,299,590,13,137
2020-09-18,36,12,73,2,38,619979,135,40,7,81
2021-05-14,27,30,59,10,46,748670,313,724,34,94
2023-10-20,27,21,52,19,48,949745,394,185,35,109
2022-03-28,40,25,66,6,8,755611,108,576,25,114
2020-11-03,34,11,69,5,17,368512,201,839,44,149
2022-03-09,20,24,75,0,50,653398,80,851,41,93
2021-05-01,35,15,82,19,11,744168,341,675,27,132
2020-02-08,32,11,74,2,18,663103,374,109,2,189
2021-11-04,33,17,62,3,22,562801,103,853,11,183
2021-02-07,37,29,58,5,6,204416,369,853,27,199
2022-04-11,33,18,82,15,14,432104,455,905,29,51
2021-06-05,35,13,76,11,7,176808,313,546,24,54
2021-01-19,27,24,51,20,41,782528,85,129,37,194
2021-03-01,30,27,50,1,22,901155,311,753,14,141
2023-08-12,30,19,79,18,27,210197,313,492,8,176
2023-07-31,23,23,73,3,46,499159,444,79,12,74
2021-03-12,30,24,60,16,16,416008,268,920,7,73
2023-09-13,30,11,64,18,48,146577,341,241,6,198
2021-05-20,20,23,76,20,36,616903,206,91,43,149
2022-01-01,29,21,50,15,18,703059,99,661,39,179
2023-03-06,31,18,81,19,49,505072,327,362,42,143
2022-03-02,34,19,61,2,38,815611,99,905,47,139
2020-07-31,21,19,83,1,49,729608,106,351,27,163
2020-10-07,24,19,71,14,41,280730,110,482,3,139
2023-09-30,27,24,83,13,6,733565,385,612,44,75
2021-12-24,21,13,56,0,14,165677,220,185,13,52
2021-09-03,25,24,62,15,22,472712,381,566,16,121
2022-06-16,26,28,60,18,21,943122,221,503,12,142
2021-06-17,36,14,87,15,20,412129,491,668,33,134
2023-01-28,30,28,78,19,11,713612,317,553,44,93
2020-08-09,32,23,59,6,9,846827,264,849,31,82
2021-06-10,36,25,50,9,21,480181,297,981,7,176
2022-09-03,30,11,56,18,1,432778,386,418,27,64
2023-04-15,31,28,76,10,8,478749,100,257,47,153
2021-11-02,31,14,66,11,39,988417,326,886,50,185
2022-06-26,37,28,70,6,37,976393,495,825,13,68
2022-08-12,22,27,52,1,31,628498,345,718,36,168
2020-12-17,36,23,73,15,11,424337,455,398,16,116
2022-11-11,25,21,69,3,11,969297,422,708,40,94
2020-09-07,24,18,81,16,29,262318,234,127,41,75
2020-08-21,36,29,87,1,9,982251,389,490,22,93
2020-12-18,29,25,87,6,29,100559,50,945,29,104
2023-01-05,40,16,84,4,39,399430,305,404,1,128
2020-04-17,23,27,52,16,46,150283,181,370,25,89
2022-08-14,23,27,68,19,31,826504,472,24,4,90
2020-09-22,25,26,50,2,36,660615,176,34,5,152
2022-06-01,20,13,56,6,15,618768,175,28,5,101
2021-05-18,27,13,74,16,3,166525,163,412,22,151
2021-04-21,23,16,79,4,2,968961,248,875,43,176
2022-02-14,35,30,56,18,35,499966,407,755,29,162
2022-03-01,31,23,88,1,24,978799,279,447,38,105
2023-03-18,31,22,83,6,45,127803,170,252,44,67
2021-08-26,20,15,51,10,22,432723,130,562,15,142
2021-11-04,28,13,63,2,0,717583,378,247,5,103
2020-01-13,26,29,63,18,1,247670,134,812,45,185
2021-10-16,34,28,79,3,7,244855,68,780,46,174
2021-10-20,31,12,56,15,45,340590,448,745,6,114
2021-11-05,40,21,70,12,26,974042,196,930,20,113
2020-11-08,23,15,50,3,2,924518,76,219,9,170
2020-03-12,31,16,68,15,17,689532,87,188,12,89
2021-08-09,31,16,70,2,37,650652,191,742,44,157
2023-07-16,36,18,58,10,2,865682,458,992,16,90
2020-11-26,21,23,89,2,25,828915,171,251,21,189
2021-11-27,34,12,76,5,18,362017,93,993,22,189
2021-12-10,34,21,61,19,42,339806,106,942,1,81
2023-11-11,23,12,78,1,33,294101,238,369,24,129
2022-06-05,24,30,55,10,38,724072,434,486,33,160
2022-06-14,29,21,84,1,1,329680,150,166,13,180
2022-03-14,26,29,83,2,46,347672,335,15,1,124
2022-03-29,35,11,71,0,6,171053,441,292,13,93
2023-05-20,35,20,62,1,40,873063,430,895,41,93
2020-07-01,35,21,65,13,3,163993,329,61,15,182
2022-03-12,31,25,61,12,12,419246,130,761,20,84
2023-02-12,40,15,82,17,3,720292,110,503,50,156
2022-03-27,25,24,77,2,4,414499,316,695,42,178
2020-06-19,21,17,57,12,18,937755,491,832,45,190
2023-06-18,25,13,83,15,46,478248,400,22,7,135
2021-05-24,38,13,81,5,11,504187,162,919,48,85
2020-01-08,26,17,86,15,46,369748,60,163,39,79
2021-12-22,21,18,56,12,39,468941,70,238,4,127
2020-08-22,25,27,75,0,32,837554,450,700,47,73
2020-06-13,27,26,74,1,11,627537,468,833,13,151
2023-04-02,20,18,66,12,49,647403,248,867,31,193
2020-04-03,31,28,68,7,10,205266,386,278,50,130
2020-06-28,26,19,75,15,34,590191,173,399,18,71
2020-06-25,29,18,72,8,17,284240,437,372,32,160
2021-04-19,30,10,83,8,16,632080,243,719,44,144
2023-02-03,36,18,80,20,8,331369,436,167,18,121
2020-11-19,31,26,80,8,30,826398,495,854,21,86
2022-06-23,31,29,64,15,10,127698,325,950,18,79
2022-01-09,29,27,50,13,46,495760,122,424,11,123
2021-08-16,36,24,80,3,22,481936,268,337,22,63
2023-05-18,22,20,87,7,34,127532,164,737,50,91
2023-01-10,34,13,62,17,43,837386,82,334,18,172
2022-12-20,27,22,58,20,40,237511,482,761,6,106
2023-05-14,25,14,67,15,30,544232,475,264,8,190
2022-05-03,30,22,89,12,30,913870,262,66,27,186
2023-07-21,37,17,61,14,4,832369,361,747,15,190
2020-07-13,23,16,78,8,21,878440,52,855,49,74
2023-07-10,36,18,77,3,22,471249,473,180,30,191
2021-08-12,39,23,58,15,42,133948,52,669,21,149
2020-08-18,35,13,79,12,50,804516,387,899,46,156
2023-11-24,32,23,78,9,46,903641,259,733,22,97
2022-11-14,28,12,77,19,34,878273,464,191,4,97
2022-02-24,40,16,81,19,4,127938,156,251,8,140
2020-02-04,33,29,51,8,2,828739,251,343,35,97
2021-11-27,31,23,66,5,15,376654,415,13,37,76
2022-04-23,34,22,66,15,22,508964,388,947,39,191
2022-05-25,22,19,79,0,20,695357,299,49,32,194
2020-07-11,29,18,59,10,33,688232,219,98,43,61
2023-06-04,20,29,78,14,19,452730,215,191,15,82
2020-09-06,33,24,68,19,10,967556,464,762,42,74
2020-09-07,22,12,68,12,19,152278,258,308,36,151
2023-07-07,24,22,73,18,33,242947,390,127,3,174
2022-02-10,34,22,69,13,12,329067,128,962,13,141
2020-02-27,22,12,59,7,22,363682,458,325,11,187
2020-09-30,21,19,74,6,22,819222,311,106,50,149
2020-11-06,32,25,59,0,45,879858,148,913,12,146
2021-12-02,35,11,63,15,25,853725,191,514,28,57
2020-10-13,34,28,67,9,21,581539,314,455,38,147
2022-03-12,40,27,68,15,11,861667,130,419,36,54
2023-11-06,29,12,90,2,12,504508,343,680,30,122
2020-08-25,34,27,70,15,2,616996,367,774,50,95
2020-07-25,35,23,61,13,33,736323,419,914,2,78
2021-09-04,28,19,76,20,29,498523,332,489,42,64
2021-08-22,20,24,69,15,31,191452,438,63,20,64
2021-02-19,28,30,62,9,6,645228,256,942,45,78
2022-02-21,29,11,80,14,7,747475,55,119,45,189
2022-05-07,35,28,57,3,7,991231,159,859,35,172
2020-11-27,28,28,58,2,45,510993,168,929,26,58
2021-05-10,32,22,65,0,31,403675,370,802,46,135
2020-03-04,25,14,70,4,33,296006,70,90,40,96
2020-05-09,24,27,57,18,19,967615,447,128,26,94
2022-07-18,30,14,61,10,17,344942,288,869,6,99
2023-06-21,35,25,77,7,48,543845,189,540,18,180
2020-01-15,31,16,60,17,48,670893,449,244,3,96
2021-05-11,35,20,81,5,38,831810,234,514,41,122
2023-09-26,23,15,67,3,45,756182,87,805,1,68
2021-10-30,36,30,68,16,14,541142,290,919,5,101
2020-07-22,23,13,71,19,39,513297,194,616,25,195
2022-05-10,37,26,78,1,12,894881,452,788,1,56
2021-05-10,21,23,56,3,11,982391,238,709,35,162
2022-07-31,29,12,63,7,13,555476,132,293,22,62
2021-07-10,39,18,77,9,28,525438,295,341,22,173
2020-10-11,30,20,50,4,5,976118,68,298,39,103
2020-01-05,25,11,69,16,43,480997,310,769,4,87
2021-12-27,32,25,75,9,11,313657,326,869,38,177
2022-07-08,40,11,60,20,39,579431,146,23,26,137
2022-09-02,21,25,87,15,32,453577,172,915,1,73
2020-09-08,34,25,84,7,13,183866,129,692,22,63
2022-09-03,33,16,53,7,36,329499,348,230,3,196
2020-03-11,32,11,64,14,44,231402,318,735,24,190
2023-02-19,38,30,66,12,33,964717,441,868,20,136
2022-12-16,40,20,63,19,17,161337,329,906,7,68
2022-07-30,26,25,66,13,25,122187,347,49,13,169
2022-10-13,37,20,82,1,9,176635,384,717,16,169
2021-09-27,35,27,77,15,24,192596,84,240,22,113
2022-07-26,23,28,58,19,0,315841,281,424,16,91
2022-06-28,25,21,75,8,44,599766,476,854,2,137
2022-02-11,37,16,76,0,21,306323,453,266,39,116
2023-05-01,36,12,61,0,27,774094,495,471,11,72
2020-03-16,28,10,71,0,23,167826,264,697,5,157
2021-03-07,36,24,69,0,10,532519,225,669,16,93
2020-11-28,29,15,57,0,37,260987,224,232,49,146
2020-04-03,38,16,89,4,8,928063,436,291,45,73
2022-09-09,29,10,74,0,18,501557,171,102,50,76
2022-02-24,26,17,59,0,42,614472,100,384,3,53
2021-05-28,34,24,74,6,19,685493,177,31,12,73
2020-11-10,38,19,70,2,44,622471,252,670,13,135
2023-09-25,31,10,89,7,49,830064,240,808,6,69
2021-11-07,26,21,83,5,11,154895,331,237,43,156
2021-05-10,31,24,57,18,23,766380,158,624,22,113
2021-07-05,24,28,65,9,20,206465,333,323,26,58
2020-07-07,39,13,71,18,24,432783,476,635,13,55
2020-11-10,23,27,52,10,4,612753,257,737,37,115
2022-08-25,32,23,90,15,46,146052,270,305,50,65
2022-09-26,20,21,83,16,0,469718,339,541,40,131
2020-06-23,27,14,72,12,26,513553,388,761,6,122
2021-07-05,38,27,90,9,5,114614,340,942,30,107
2022-12-02,31,25,65,5,19,860136,339,425,37,71
2022-10-07,28,26,88,7,47,683408,325,921,15,58
2020-03-04,26,16,79,19,1,457652,384,237,6,149
2022-04-13,26,18,76,11,50,421865,51,598,47,178
2020-04-07,22,23,65,7,34,892482,448,700,47,141
2020-07-14,29,30,60,9,18,669237,97,504,12,52
2021-05-06,32,30,60,13,47,640610,499,140,1,126
2021-12-11,31,12,82,11,30,253031,95,356,13,195
2023-10-16,20,12,84,11,27,880193,91,191,15,157
2022-02-02,34,14,75,10,7,537707,440,892,26,106
2022-03-12,35,11,81,18,15,122221,389,386,38,157
2023-10-30,38,21,56,14,26,545705,432,848,12,90
2023-08-20,26,19,80,13,39,529997,361,475,12,53
2022-08-16,32,19,70,17,41,459883,357,903,16,113
2021-05-16,23,16,83,10,20,140002,96,859,11,91
2021-08-10,27,25,75,5,33,943369,410,924,39,140
2023-07-15,26,19,81,13,14,884871,343,106,3,156
2022-01-02,33,27,77,14,50,693959,407,358,4,192
2020-06-11,39,26,80,10,21,645966,378,836,47,148
2021-09-02,21,13,50,8,37,475354,190,984,29,144
2020-01-12,40,19,87,20,0,860486,356,77,17,96
2022-06-10,29,24,51,6,21,704308,398,715,44,112
2020-03-30,31,16,74,6,18,411943,148,543,29,138
2021-07-19,33,29,61,7,27,892494,270,319,47,144
2022-03-15,20,15,81,1,10,916222,307,459,37,182
2021-05-22,27,10,83,13,26,903728,404,955,4,100
2020-02-16,25,25,88,5,33,349047,187,30,9,84
2020-08-11,28,27,67,6,2,147421,238,222,22,185
2021-03-28,33,22,63,6,28,934901,164,899,3,75
2022-10-18,21,13,60,12,21,941662,259,283,22,163
2021-08-08,28,29,55,7,15,346418,53,655,23,127
2020-08-09,34,27,73,20,15,869384,336,132,7,142
2020-05-07,35,23,67,3,40,826948,339,737,4,172
2020-06-30,26,27,74,7,40,557038,438,844,29,130
2022-05-27,35,19,90,5,19,637722,480,788,19,108
2022-10-10,33,16,85,14,40,436756,264,969,6,109
2022-11-14,30,11,85,12,1,866678,321,602,13,136
2020-05-25,22,11,51,5,7,470989,88,50,42,65
2021-12-15,39,13,72,4,26,270628,435,451,34,165
2023-04-14,22,29,70,10,30,717671,187,218,34,126
2022-07-31,26,27,59,15,1,105103,456,118,26,167
2020-01-05,21,30,64,19,26,702701,422,16,19,107
2023-04-02,22,15,51,5,2,831967,454,471,32,99
2020-05-20,27,13,90,6,46,450099,344,304,8,191
2021-10-04,35,21,74,19,13,274567,159,612,9,198
2020-03-26,31,11,69,1,29,751668,427,256,46,74
2020-03-01,28,24,68,11,32,200004,337,627,24,179
2022-06-05,32,22,76,5,14,345202,428,194,46,181
2023-03-29,34,28,66,10,22,924748,339,952,27,150
2023-07-20,26,11,89,17,46,975205,297,125,27,198
2022-07-19,40,29,53,5,37,150772,427,896,43,111
2021-02-15,39,26,57,15,24,145737,129,901,28,60
2022-10-31,23,17,73,18,12,526988,343,915,49,52
2022-02-20,22,17,64,3,15,291949,334,877,16,170
2021-09-04,35,10,67,8,22,443964,330,66,31,74
2023-03-02,20,14,64,12,41,837982,460,815,8,191
2020-12-02,30,14,57,15,35,697521,371,153,36,198
2023-10-18,24,11,87,20,19,829982,431,58,20,115
2021-05-07,23,13,69,7,21,123322,195,427,26,167
2021-01-15,34,14,72,2,38,595158,56,863,2,126
2020-06-02,21,11,85,12,50,950354,455,764,20,189
2020-11-07,23,22,50,2,16,456422,446,845,41,195
2020-07-03,24,13,70,11,29,696252,490,25,2,180
2020-03-06,28,23,90,2,11,594461,386,833,41,154
2020-09-27,30,29,62,15,46,797371,390,391,46,71
2021-09-04,32,11,57,2,43,900741,397,107,26,110
2021-07-06,23,19,89,13,24,793410,78,926,4,183
2020-05-29,25,11,56,3,43,254626,268,752,16,53
2021-03-26,29,21,52,11,40,349786,353,43,5,61
2021-07-02,36,26,90,15,50,957198,394,235,50,52
2021-03-20,36,10,72,10,6,947977,386,286,30,53
2021-09-01,27,26,58,19,31,907834,70,28,33,188
2022-05-03,20,15,80,20,46,461073,60,2,47,90
2020-03-26,34,27,75,6,17,972725,425,6,26,194
2021-08-01,28,25,65,15,8,746759,246,40,16,104
2020-06-01,27,19,58,19,18,643463,184,673,22,172
2022-11-09,26,13,67,17,48,734093,122,120,6,170
2020-09-15,27,16,75,10,20,949485,440,229,31,163
2022-12-26,26,25,51,18,6,731839,253,265,29,51
2021-03-29,33,26,77,19,37,541150,99,822,17,193
2022-04-14,24,10,50,13,42,844718,379,646,30,173
2022-11-20,21,20,71,9,37,114904,139,197,5,125
2020-05-31,39,24,51,15,40,826801,304,260,14,184
2022-04-24,37,21,55,8,6,698357,372,872,3,57
2020-09-21,28,11,58,3,5,631903,307,552,22,116
2022-12-13,20,20,75,18,9,671466,143,409,15,171
2021-03-10,33,16,52,14,23,330149,168,481,21,178
2021-02-24,28,30,66,14,7,106071,153,657,40,145
2022-10-02,35,19,77,18,2,219482,334,705,42,145
2022-08-03,34,16,69,4,39,256802,121,159,22,137
2021-01-24,30,15,81,6,12,637899,173,295,19,145
2022-06-28,20,18,82,15,15,604170,443,437,11,57
2021-12-05,25,22,77,10,7,101536,81,25,9,96
2020-06-02,35,23,51,15,30,777459,234,694,22,83
2021-10-04,30,23,74,16,11,272399,367,161,8,159
2021-12-20,29,12,64,3,33,916565,375,754,8,147
2020-08-01,32,21,52,12,2,671099,130,563,25,91
2023-07-02,31,12,75,1,47,603872,371,251,26,199
2023-06-28,21,11,75,18,18,357701,458,252,34,72
2022-10-09,25,23,85,6,33,128646,246,571,23,104
2022-05-24,21,15,56,16,7,316103,399,709,4,85
2022-11-25,39,11,86,7,13,233784,175,65,40,152
2021-09-20,22,15,60,8,45,459980,441,195,32,50
2020-06-04,38,26,88,3,1,468015,316,709,10,79
2023-09-30,26,15,64,9,29,695138,79,296,41,102
2021-03-17,24,23,58,10,21,250219,271,475,42,61
2021-08-16,32,23,88,4,17,142187,275,805,46,140
2022-08-02,23,16,89,9,18,543597,406,878,47,147
2022-02-12,33,12,89,1,20,255975,301,483,41,155
2022-03-08,29,15,57,4,23,467816,194,638,2,184
2020-10-26,28,30,72,3,2,174984,385,951,48,150
2023-02-04,37,17,68,4,42,821926,247,186,35,155
2023-11-17,30,17,73,6,20,391090,247,356,21,87
2022-02-13,25,23,84,1,3,248223,51,675,23,199
2021-01-05,25,18,68,9,28,554899,437,834,15,132
2020-05-11,25,25,73,10,50,696083,462,207,28,169
2022-05-02,32,15,89,1,4,874506,253,265,42,125
2020-08-14,25,28,70,12,21,359427,275,81,44,62
2021-01-05,20,24,54,8,37,863288,296,151,21,78
2022-05-22,31,22,70,11,37,315135,302,803,46,59
2023-08-01,25,13,69,5,5,831835,139,380,23,174
2023-05-19,40,22,55,12,49,853885,459,393,36,53
2022-10-24,35,18,90,6,17,323609,285,664,48,51
2022-11-11,33,10,87,7,43,187029,98,769,15,162
2020-06-23,36,19,83,11,10,503428,326,221,4,130
2022-04-19,27,15,89,8,10,168078,157,420,32,51
2020-10-16,26,18,51,5,4,195023,347,124,14,113
2023-05-15,21,22,61,17,41,337175,64,188,2,180
2023-10-14,40,10,69,17,14,394125,449,715,19,95
2021-07-29,24,16,82,18,25,439263,403,709,28,80
2020-01-25,40,23,63,11,42,377916,138,261,11,135
2021-11-06,26,25,76,0,3,446747,136,810,17,136
2020-12-03,39,23,53,6,12,758851,330,596,8,174
2020-06-08,35,29,67,14,40,531823,439,201,15,108
2023-10-09,28,15,52,9,33,333358,311,462,40,165
2023-11-08,40,22,69,11,36,287531,50,584,2,83
2023-04-26,39,17,51,4,25,331384,310,118,30,56
2022-08-19,30,29,60,1,12,146595,113,934,6,185
2022-05-25,24,12,73,16,36,821956,64,321,27,171
2022-08-30,20,24,52,2,49,841009,84,615,28,69
2023-03-17,35,18,89,8,46,445894,421,833,44,181
2020-09-16,25,13,63,11,16,300096,57,593,32,58
2022-03-18,39,15,67,4,4,328909,478,244,17,104
2021-11-28,29,27,84,12,20,849367,121,125,26,138
2023-11-05,32,21,88,5,50,132548,61,909,23,92
2022-04-16,26,10,89,4,12,271471,248,737,21,54
2020-05-02,24,21,64,8,4,491391,350,904,25,104
2020-05-19,28,28,53,5,31,356959,344,358,1,102
2021-04-30,38,16,66,4,26,867925,370,105,43,115
2021-01-03,30,26,73,2,48,352683,138,952,6,111
2023-10-08,32,16,71,4,12,663822,190,314,42,190
2020-07-18,27,21,68,17,15,774899,481,286,38,121
2021-09-01,24,17,85,20,50,912844,155,405,46,75
2022-11-03,21,14,50,9,50,439190,97,556,46,145
2020-03-30,22,29,78,1,1,908168,129,20,40,112
2023-03-20,23,12,75,13,12,623270,468,532,34,146
2021-06-21,20,13,89,17,19,597251,297,217,46,122
2022-05-04,21,30,85,11,14,440487,83,116,18,179
2020-01-17,30,28,65,5,38,602089,245,898,20,59
2020-07-14,29,11,68,3,48,950205,77,44,23,129
2020-10-20,35,27,66,11,8,240128,306,447,48,142
2023-01-27,30,18,79,11,18,686307,242,487,50,83
2020-12-20,23,20,76,19,12,659075,184,215,23,172
2021-02-16,33,16,59,7,11,174019,93,667,8,89
2020-06-03,20,11,75,12,22,471056,218,384,36,63
2020-02-10,30,17,70,20,36,909816,400,940,32,66
2023-04-13,31,29,71,6,39,458681,94,578,14,131
2020-07-31,34,14,59,6,43,290261,108,939,14,107
2023-02-20,22,14,76,4,46,164376,134,654,29,196
2022-02-14,20,20,83,16,44,571434,264,773,30,84
2022-06-06,29,24,53,16,19,863449,183,545,31,196
2020-05-07,28,14,77,3,48,635946,65,36,6,122
2020-11-29,39,22,73,3,24,387099,306,389,26,134
2023-04-28,39,19,55,0,15,624943,161,272,40,96
2020-05-15,30,29,68,7,13,539716,391,495,18,129
2021-01-18,21,14,79,17,49,347900,250,824,29,157
2023-08-01,26,12,75,6,25,804535,250,863,21,186
2021-12-28,23,21,83,12,35,606621,374,117,2,160
2020-09-15,31,27,71,7,27,973859,52,224,15,69
2022-09-22,24,23,66,15,16,656436,146,386,17,93
2022-03-20,21,29,60,10,39,156929,446,470,33,143
2021-07-08,27,24,62,1,39,242086,358,91,13,113
2022-06-11,30,27,59,20,24,672820,56,729,50,131
2023-01-04,22,24,72,8,5,972393,326,654,23,175
2022-09-24,38,24,77,11,7,359160,500,38,21,180
2022-02-20,21,11,89,1,8,825106,356,150,19,120
2023-03-02,35,17,76,3,20,279210,448,522,6,94
2021-10-19,20,18,71,13,3,962723,160,170,9,178
2022-10-15,32,14,61,3,36,705457,53,63,37,143
2021-06-13,22,10,69,20,24,188110,53,912,42,100
2022-08-07,36,17,76,15,28,313577,338,745,31,54
2020-04-20,20,26,80,2,26,516179,148,225,1,56
2021-06-11,40,24,85,4,39,271760,472,180,42,176
2021-11-04,40,15,64,17,30,107988,78,946,44,57
2021-01-15,28,26,76,5,20,353909,280,560,29,127
2023-02-10,36,17,81,18,28,555705,260,518,22,136
2021-12-13,32,28,89,0,10,973881,365,246,8,76
2021-10-19,34,16,50,20,23,850464,177,231,21,86
2020-01-19,33,28,76,11,26,495223,93,740,14,163
2021-09-18,21,11,70,20,7,785171,162,585,7,91
2021-08-03,31,13,51,16,20,677704,371,302,4,155
2020-04-01,38,30,68,14,15,879726,287,837,9,81
2023-08-23,22,13,90,0,22,983165,104,163,35,192
2021-02-03,23,25,89,1,22,697754,59,202,19,117
2020-08-01,34,24,51,0,43,309998,376,739,16,153
2023-09-22,39,12,90,5,29,451132,53,683,10,143
2021-02-25,40,11,62,20,34,203145,254,592,19,161
2020-07-14,35,12,86,6,5,118219,320,400,2,187
2022-08-25,38,30,51,0,34,885727,168,896,45,97
2022-08-30,32,14,71,8,7,272128,413,403,49,142
2020-07-29,22,19,60,13,18,890928,324,661,50,148
2022-06-03,30,23,87,19,19,426990,451,497,41,121
2022-09-12,33,13,89,7,26,205438,69,984,47,154
2020-12-08,26,30,53,14,0,786078,483,514,24,69
2020-12-10,24,21,65,9,31,772583,175,682,35,160
2023-06-03,30,10,72,0,48,581515,52,538,31,128
2020-04-04,31,28,73,13,36,134919,417,178,50,136
2021-09-19,40,13,87,4,6,725936,251,114,24,81
2021-04-07,21,26,61,13,42,806073,95,904,26,129
2022-02-08,21,10,75,2,3,837526,150,258,7,183
2020-09-08,31,14,73,1,41,347046,333,644,8,184
2023-08-12,33,24,57,17,13,218731,51,243,28,152
2022-10-10,27,22,79,6,17,532844,243,510,11,111
2020-12-21,31,23,76,10,0,281812,433,96,40,151
2021-02-02,38,30,85,9,39,889729,91,541,32,155
2020-11-15,27,22,52,19,1,401674,101,12,27,73
2022-12-04,32,10,59,1,25,327136,116,417,45,117
2021-01-23,22,14,68,18,23,419192,437,874,40,161
2021-09-03,27,18,70,1,13,694028,213,761,4,60
2023-01-16,33,28,84,16,33,740715,186,911,11,162
2021-06-14,40,22,89,9,15,877075,134,615,18,181
2022-11-18,28,27,87,19,31,754183,142,759,8,156
2022-12-25,38,14,56,3,49,333696,105,459,38,51
2023-03-20,30,20,78,18,16,389456,139,529,5,105
2021-10-09,32,10,80,10,35,952383,441,237,19,108
2021-06-16,33,23,73,18,11,150325,307,959,16,84
2021-05-20,26,15,70,9,20,152482,500,111,24,156
2021-12-09,22,21,88,20,45,137692,364,49,3,161
2020-11-09,28,19,61,16,0,657883,92,874,24,150
2023-09-30,31,28,73,9,39,593029,455,147,7,84
2020-05-30,34,25,54,4,9,921107,388,828,36,185
2020-07-10,26,12,51,16,9,773030,464,603,33,81
2020-07-19,38,16,90,16,9,140993,117,870,1,155
2021-12-27,26,29,69,4,15,199978,407,858,45,55
2022-06-10,27,11,59,5,36,342760,73,475,2,123
2023-03-25,28,26,77,13,14,191643,207,166,36,55
2022-03-14,38,16,68,16,10,314938,308,320,12,79
2023-04-22,26,17,65,14,11,687213,157,765,7,63
2020-07-27,22,10,58,9,22,656016,436,250,17,185
2020-02-27,39,13,76,15,32,452180,72,958,5,131
2022-12-06,36,14,58,17,14,568933,88,84,21,54
2020-01-26,39,18,67,7,35,988202,186,144,30,92
2021-06-29,36,26,89,4,27,716114,187,497,16,75
2023-06-28,26,24,76,2,40,808150,175,329,8,79
2022-06-07,29,23,78,7,0,630316,452,6,36,97
2021-02-19,31,19,68,20,23,589596,378,287,4,146
2020-09-15,23,20,85,12,41,701992,163,327,47,51
2020-12-02,20,10,51,10,37,898958,359,840,25,103
2022-02-12,30,18,70,14,43,296769,408,601,6,167
2023-09-13,21,22,86,15,48,591902,95,503,4,69
2022-10-22,21,10,55,16,3,625190,137,647,19,167
2023-08-03,35,15,86,2,38,517510,456,17,31,164
2022-10-11,40,22,68,9,21,952349,475,128,11,192
2022-08-27,24,18,74,3,32,898885,397,402,49,123
2023-08-06,25,19,55,8,5,491376,125,457,16,166
2021-01-25,29,30,60,11,39,587377,370,987,5,129
2021-11-21,39,24,90,6,30,455600,186,719,11,114
2023-11-11,24,14,80,18,34,783670,304,796,37,119
2022-04-23,29,22,88,15,3,117956,240,798,28,62
2021-11-07,26,13,73,0,35,698673,130,460,31,129
2022-06-04,27,25,64,0,2,659526,237,782,48,194
2021-10-01,33,22,50,14,33,295847,166,140,8,149
2021-09-07,24,17,78,14,15,704648,308,14,4,191
2021-07-20,30,13,82,4,46,848730,349,975,14,103
2022-01-23,35,27,79,20,34,446035,318,983,15,138
2023-06-16,34,10,89,13,22,374578,361,530,20,168
2020-06-21,38,22,73,13,15,910534,457,555,34,124
2023-01-11,28,24,56,15,29,443049,233,144,28,125
2022-05-03,24,21,83,12,37,158278,189,362,27,125
2023-04-30,26,28,61,10,18,565359,219,603,41,155
2022-10-31,35,24,55,8,44,428632,302,622,30,95
2022-08-12,37,19,74,3,7,479024,211,279,47,124
2021-05-13,36,11,68,7,14,935910,228,930,23,96
2022-05-05,40,24,75,6,35,428091,385,786,32,129
2020-11-06,27,29,55,18,6,190194,107,377,12,122
2020-03-22,32,21,71,10,3,724774,476,380,43,104
2020-10-31,25,19,90,10,16,349633,387,182,30,100
2022-06-24,38,17,72,16,24,213937,224,399,34,155
2021-01-26,28,13,84,15,13,789395,436,994,16,182
2023-09-10,29,18,88,14,21,445453,225,686,46,178
2021-10-20,24,12,82,6,29,165805,53,315,25,112
2021-07-22,40,21,76,7,15,992015,167,52,1,125
2020-01-21,35,19,65,5,48,950491,179,153,41,97
2022-09-27,40,21,51,11,12,275889,379,673,1,80
2021-05-31,39,25,88,7,8,998908,352,65,1,58
2020-12-20,23,26,64,19,5,707609,473,647,11,67
2020-03-08,25,12,86,5,48,835628,340,977,38,68
2023-10-24,33,19,53,10,2,141295,352,769,42,101
2020-08-15,21,23,53,19,7,397916,123,739,47,89
2022-12-07,39,25,53,2,2,499561,397,882,26,170
2021-12-04,26,21,85,16,27,682754,379,582,12,102
2020-11-22,20,22,89,19,35,347421,342,693,24,180
2021-04-16,23,29,79,17,3,283936,383,226,25,132
2022-11-15,27,16,73,0,50,729212,389,391,5,100
2023-02-13,32,20,88,15,15,708583,374,587,7,79
2023-11-15,31,14,89,5,5,438471,397,561,29,119
2021-07-30,33,29,64,19,10,271645,188,648,42,173
2020-05-17,21,27,57,14,28,392049,222,769,6,171
2022-12-12,32,14,80,4,20,784969,335,104,18,58
2023-02-09,35,25,58,8,37,744996,434,295,40,113
2022-12-13,39,26,70,1,16,405626,500,215,49,145
2023-05-17,29,20,56,12,46,932975,486,414,22,140
2020-02-04,31,22,59,10,30,783073,264,363,40,168
2021-08-10,22,10,70,16,45,679336,317,728,27,155
2021-08-26,22,17,88,14,44,648714,124,491,43,129
2022-05-30,36,26,61,11,27,316066,258,730,22,139
2020-07-03,37,19,80,6,9,992209,270,33,1,136
2021-05-01,40,16,71,17,23,117832,172,1,10,82
2022-02-18,29,24,56,4,21,681384,415,999,35,72
2020-01-06,34,10,56,19,24,167596,369,633,29,176
2022-12-05,22,17,54,1,13,866055,384,210,7,60
2022-02-28,30,22,75,6,5,451326,99,901,47,117
2020-06-01,21,20,55,1,34,116806,324,308,2,57
2021-04-11,24,23,50,18,37,275457,53,335,14,142
2022-01-06,22,24,69,15,45,471674,348,148,9,92
2022-05-13,32,10,72,6,44,372666,303,796,11,89
2021-08-26,28,19,65,18,22,689894,410,558,15,147
2022-01-30,23,26,85,11,27,468627,126,990,12,50
2022-02-11,36,19,65,8,20,240471,61,779,21,60
2021-09-18,20,19,59,20,3,368216,112,273,25,81
2020-04-10,23,17,82,6,13,714044,348,325,28,53
2021-04-17,21,14,73,7,25,353328,386,364,15,199
2020-10-06,40,16,69,5,34,277529,319,883,18,87
2021-11-15,26,28,63,13,38,870013,238,172,41,168
2022-12-30,33,17,74,3,37,118853,452,764,44,158
2023-07-14,40,26,67,4,4,729844,413,237,10,56
2020-07-19,33,12,75,11,27,841262,61,696,2,87
2022-07-07,30,23,59,20,26,475496,428,465,40,193
2022-04-16,21,13,83,15,9,716299,471,155,22,94
2020-05-23,28,13,57,9,38,832520,108,612,43,156
2021-05-30,27,10,89,3,34,643300,302,942,34,153
2022-04-20,21,20,72,4,43,949895,285,799,35,135
2020-04-20,23,10,53,2,24,181177,424,841,40,198
2023-04-15,20,10,62,13,42,952929,153,612,50,166
2020-06-09,35,18,64,2,50,401988,325,345,46,139
2021-09-29,27,23,84,5,40,705684,82,617,47,85
2023-04-03,34,26,75,6,16,154540,91,666,9,190
2022-07-07,25,23,90,8,14,450218,377,200,40,142
2022-04-18,30,29,67,16,44,287422,405,18,3,96
2023-04-06,22,13,69,15,19,432869,370,269,20,115
2021-04-07,22,20,55,0,39,600374,93,215,40,67
2020-08-18,21,11,68,4,7,859550,178,887,31,64
2022-04-14,30,22,78,2,13,538792,346,83,35,174
2020-09-15,37,22,53,0,49,113816,436,100,31,90
2023-02-10,31,16,75,6,1,703209,213,305,35,75
2022-09-08,33,30,87,7,2,206835,356,162,5,69
2021-09-19,28,13,72,10,44,790583,341,185,35,92
2021-12-17,40,12,71,3,19,614960,291,708,1,57
2023-04-24,24,20,77,15,35,992333,379,225,5,51
2023-08-06,33,20,75,19,17,899110,304,130,48,189
2022-09-14,26,19,80,14,28,512358,365,15,5,59
2020-07-22,21,22,56,6,39,353372,143,390,11,159
2021-03-07,35,15,58,7,10,970118,489,85,13,130
2022-01-06,36,27,65,2,7,903746,228,791,29,77
2021-04-25,29,11,69,18,2,107045,429,938,35,186
2023-09-24,25,28,84,14,37,771167,346,102,46,85
2023-08-26,38,27,89,7,23,393208,165,904,12,87
2022-07-04,32,21,52,8,36,385436,207,116,32,125
2020-03-14,23,26,51,9,49,431393,418,57,16,62
2022-10-18,35,27,57,12,44,272604,199,656,50,183
2020-11-05,39,27,50,19,36,789992,426,705,42,63
2021-08-24,37,30,77,9,41,337863,208,856,33,148
2022-06-28,34,25,67,0,18,472332,435,706,45,153
2023-01-07,33,14,69,7,48,155175,123,33,21,71
2021-06-04,34,13,56,19,2,215413,397,451,5,141
2021-11-17,36,29,73,1,12,213681,386,314,45,161
2022-02-14,33,27,82,13,6,680131,379,905,49,184
2023-06-22,39,21,84,2,20,295104,442,743,27,59
2020-01-16,37,17,51,5,45,701676,307,288,36,111
2022-06-05,29,13,62,9,49,961928,254,667,47,147
2022-09-20,24,30,90,5,47,196615,225,306,19,119
2023-05-26,39,12,88,9,3,192958,292,589,49,71
2022-08-30,35,26,75,18,39,599616,159,242,4,183
2021-12-23,40,20,79,13,4,772793,489,760,41,194
2023-09-05,28,18,66,0,9,523664,138,564,45,68
2022-07-20,25,21,56,2,50,872505,386,294,7,100
2020-10-14,37,25,60,4,38,825391,158,627,30,122
2022-11-27,39,22,52,4,45,149625,117,29,23,133
2021-11-24,37,20,62,20,34,538391,117,414,33,178
2023-09-12,22,26,86,16,48,866749,92,621,28,199
2021-12-18,33,17,88,16,0,412636,216,81,34,91
2020-11-25,27,23,55,0,48,732417,392,111,42,56
2022-03-22,34,19,61,1,15,523800,359,179,13,180
2023-02-02,26,20,59,6,8,375065,273,999,3,167
2022-03-17,34,25,54,17,15,704359,202,497,41,98
2023-02-11,27,21,77,15,12,431235,159,567,23,135
2021-03-25,31,21,59,5,23,606446,161,789,33,105
2022-06-25,35,19,70,19,14,587937,222,457,10,78
2022-06-10,37,22,71,3,40,717748,337,363,20,126
2023-09-11,30,22,84,16,0,950850,336,256,19,72
2020-12-05,21,23,86,19,34,221853,488,106,28,114
2022-07-08,32,26,64,13,18,784492,109,240,6,80
2021-12-31,39,16,89,8,42,621433,351,667,22,139
2022-07-21,26,20,60,3,46,390147,268,3,37,106
2021-05-10,36,30,68,8,19,317617,265,974,38,188
2020-06-26,26,28,60,0,22,153252,316,344,10,192
2022-04-22,34,26,87,4,28,302110,317,938,16,166
2021-03-25,23,27,53,2,38,773812,136,624,50,187
2021-08-19,32,29,61,18,36,272702,91,923,40,188
2023-09-15,27,18,51,2,42,217793,403,731,37,185
2022-01-18,25,29,65,10,45,945722,83,884,8,140
2023-08-06,29,10,52,8,47,962958,435,257,9,111
2023-09-22,24,16,83,12,31,833683,459,431,27,141
2021-12-18,26,26,74,13,2,241994,71,988,19,70
2020-08-01,36,24,75,4,2,605862,121,811,44,125
2023-02-08,36,17,83,3,41,463181,202,214,2,118
2022-12-18,27,24,69,13,25,916810,227,31,7,57
2021-05-01,40,16,68,7,11,400741,288,466,33,53
2023-08-14,38,12,64,20,22,172798,109,844,4,61
2021-06-16,23,26,68,3,48,385446,291,424,29,170
2022-04-10,21,23,62,2,36,435188,344,438,21,183
2021-02-21,23,27,86,15,2,552422,111,884,2,156
2023-10-11,25,15,87,14,33,812823,72,806,48,177
2020-03-23,32,22,53,6,42,998632,286,379,40,174
2023-06-10,35,10,55,7,40,242649,126,699,45,86
2021-03-14,27,24,52,18,0,392380,495,9,43,139
2022-10-16,28,15,62,3,46,324368,415,493,42,181
2023-05-01,31,15,63,6,22,465051,412,632,21,160
2021-05-11,29,27,79,3,28,486144,193,935,33,177
2021-08-17,32,19,69,20,23,753938,212,184,10,108
2023-06-06,20,12,62,16,16,677211,333,698,1,55
2020-01-06,34,19,85,17,36,372656,400,636,12,193
2022-05-06,34,27,81,19,50,710635,308,805,41,80
2021-11-18,22,13,86,14,47,818991,421,972,19,77
2021-03-10,31,15,87,17,7,633823,139,249,34,78
2021-06-11,31,13,83,1,19,746423,79,37,40,93
2022-09-09,24,22,72,13,47,244156,160,341,2,59
2023-06-14,32,27,53,6,10,483345,406,784,46,124
2020-06-11,38,25,53,14,48,708713,496,925,13,66
2022-10-15,24,27,65,4,4,941988,300,542,24,96
2022-03-29,21,10,82,5,28,851078,428,164,24,92
2021-10-16,33,12,76,14,25,162824,162,949,12,198
2021-01-16,34,12,65,14,18,908359,448,345,33,187
2022-11-20,33,19,56,0,9,201809,477,302,30,200
2022-05-22,25,30,52,15,49,911625,367,198,22,113
2020-02-07,38,21,82,13,17,122793,231,66,50,95
2022-07-13,39,28,70,11,50,366629,229,389,18,81
2022-12-02,36,29,68,17,38,416884,307,551,31,52
2022-01-26,36,24,50,11,46,746227,132,375,4,97
2022-04-26,24,11,73,16,37,488545,105,993,41,69
2021-03-18,22,18,72,10,28,174011,253,350,23,156
2023-11-07,38,24,79,3,50,915069,406,921,19,93
2021-09-29,40,12,59,20,31,142183,71,808,23,197
2021-11-29,40,13,74,12,39,230781,325,819,7,91
2023-07-24,23,17,77,10,4,219847,247,599,50,146
2023-06-14,33,11,87,14,42,103376,58,872,50,61
2020-05-18,31,27,54,20,50,242637,257,744,50,152
2020-08-31,35,11,57,19,21,976458,135,826,21,134
2023-09-11,21,20,64,2,19,416787,94,397,5,153
2020-12-04,30,15,56,12,28,407825,224,998,30,160
2020-12-19,25,24,77,19,28,901052,115,893,34,170
2020-04-07,35,10,57,10,1,897293,75,75,39,144
2020-04-22,35,12,84,4,43,172304,456,491,8,170
2022-10-06,27,19,62,13,14,475492,308,695,26,121
2020-04-30,28,22,62,3,28,806227,429,683,25,62
2020-04-12,21,28,59,2,27,867759,434,420,27,115
2021-01-23,34,25,56,0,2,723732,467,952,31,143
2022-08-31,21,21,75,14,17,389280,314,315,46,137
2023-02-15,26,14,77,0,21,656274,462,286,10,133
2023-07-29,32,14,90,12,38,139498,399,918,29,156
2020-05-08,36,13,87,1,35,349309,249,235,42,118
2022-06-11,35,19,75,14,9,959665,317,730,24,162
2022-08-26,30,22,83,9,45,347609,315,997,45,152
2021-04-05,39,22,51,20,20,462507,100,483,4,196
2021-11-30,29,22,69,6,39,788223,222,446,36,126
2020-05-07,22,22,73,2,47,341116,443,776,14,93
2023-08-22,24,22,58,0,1,980291,94,642,18,144
2022-02-06,38,20,53,2,48,112639,328,439,18,87
2020-12-01,34,20,77,16,7,781845,255,988,24,62
2022-05-23,31,12,82,17,6,916881,116,398,6,78
2021-08-09,37,13,61,11,1,892608,60,326,23,74
2022-01-12,27,23,68,9,41,468389,111,105,22,177
2021-01-30,27,20,79,13,29,636854,307,680,48,94
2021-02-16,38,18,84,3,19,734732,117,50,2,179
2020-02-13,37,22,51,2,9,736239,133,569,20,195
2021-06-09,33,22,70,20,27,375719,489,214,31,144
2022-09-10,28,23,80,2,35,799079,301,371,14,179
2021-05-28,40,19,68,9,50,753863,408,161,4,137
2023-08-29,21,12,57,6,46,165915,387,55,42,144
2021-01-10,22,14,81,0,1,182502,164,351,8,186
2020-07-03,29,18,75,4,0,817450,217,280,13,115
2022-08-02,32,12,85,5,42,683382,410,263,3,151
2022-07-05,22,11,62,20,8,655316,253,748,18,131
2023-05-21,21,11,65,3,40,515228,168,968,10,153
2022-12-02,20,23,86,15,12,278661,331,881,45,89
2023-11-08,39,30,69,15,23,253244,427,531,23,193
2023-01-23,34,27,51,18,21,764943,195,141,31,173
2022-10-26,26,17,55,5,25,905886,233,936,33,165
2020-01-16,33,21,52,13,34,291639,96,73,2,64
2023-06-15,31,27,85,1,21,927253,73,84,18,114
2020-01-12,24,25,83,2,9,575458,100,580,32,151
2020-10-27,38,29,65,15,17,589500,115,985,13,106
2020-04-01,39,21,90,5,13,439497,497,461,41,160
2021-02-15,27,10,78,15,40,603732,158,15,1,103
2022-10-05,36,18,60,1,11,118728,434,217,45,89
2021-10-06,34,23,77,6,47,758799,318,855,37,135
2022-11-04,26,14,62,0,16,250004,176,543,44,152
2023-01-06,32,10,59,1,32,351106,290,542,28,113
2023-08-06,32,18,88,13,34,910479,494,658,33,163
2022-08-05,36,21,75,13,32,915799,375,17,4,73
2020-04-05,26,15,84,13,11,562564,412,204,26,143
2022-02-01,31,30,68,19,16,415070,394,920,20,185
2022-05-20,39,11,74,6,44,427859,249,913,27,160
2023-11-25,22,19,90,5,2,130589,211,942,29,112
2022-05-11,21,12,81,9,41,617341,367,160,42,72
2022-04-26,25,28,85,19,50,232026,67,885,47,100
2021-11-25,20,21,51,1,11,587100,317,468,4,166
2020-10-01,35,11,82,6,49,754748,80,289,50,58
2020-03-25,27,23,63,11,12,371857,333,550,3,181
2021-10-13,28,26,88,15,40,614226,96,425,28,110
2022-11-15,33,12,50,12,0,405787,412,446,40,151
2020-02-19,33,12,88,14,25,435195,173,413,12,140
2020-03-31,23,10,89,1,16,842626,495,969,11,88
2021-02-03,40,30,79,15,45,174933,138,206,20,151
2022-03-07,33,20,53,11,27,140079,343,660,48,164
2023-01-07,32,30,90,6,46,233667,353,361,37,172
2023-02-12,36,25,67,0,37,776519,383,394,26,165
2022-07-18,24,20,67,18,49,878554,436,609,37,179
2023-11-10,40,26,72,13,16,189077,456,842,2,163
2021-04-23,37,23,76,7,41,714883,279,830,11,134
2021-11-13,24,11,60,3,49,214106,414,67,8,148
2022-06-07,38,22,71,9,50,914682,101,453,1,97
2023-03-19,31,26,62,15,11,537077,464,264,11,81
2022-02-02,21,13,63,2,50,537822,454,29,30,110
2023-03-26,26,29,68,13,45,308144,449,392,37,112
2023-02-26,26,30,86,7,48,260610,88,892,35,95
2021-10-02,36,14,88,9,37,833412,305,45,18,70
2023-04-10,32,19,51,1,48,669604,211,857,25,124
2022-08-31,29,29,77,18,8,930696,408,743,26,188
2022-11-26,22,23,57,19,42,704395,65,375,41,97
2020-12-29,21,22,56,0,7,760933,225,344,22,188
2020-02-22,38,30,60,1,42,892378,277,123,49,101
2021-10-19,26,19,61,18,22,513100,279,915,38,78
2022-11-09,36,22,60,5,8,367538,331,272,3,50
2021-01-01,33,27,80,18,27,349410,358,923,21,182
2021-01-07,31,18,62,12,23,593685,242,693,35,166
2023-11-11,28,22,62,3,23,669505,327,402,24,140
2023-10-12,39,17,82,5,31,675894,406,926,11,80
2021-06-30,34,13,72,4,10,903275,361,1000,44,81
2023-11-09,30,17,90,11,16,197093,279,982,40,106
2022-05-20,29,20,73,3,46,900434,213,220,30,50
2020-09-18,26,29,86,14,32,719236,90,942,23,53
2021-05-03,24,28,60,19,24,130575,94,736,36,170
2022-08-17,24,21,89,0,28,164512,239,165,16,180
2022-02-08,31,23,58,17,26,387206,380,780,2,185
2020-09-16,36,17,51,9,31,995901,331,539,21,98
2020-02-16,25,11,76,2,8,751062,120,315,2,165
2022-01-16,21,23,75,6,37,845926,201,423,44,189
2023-10-23,30,30,68,13,4,359472,370,556,46,88
2023-08-31,40,24,51,18,44,853242,356,610,30,137
2022-11-16,22,13,76,1,10,898895,283,958,39,107
2022-02-01,31,22,63,16,7,205949,399,461,6,191
2021-05-15,33,11,63,0,12,335279,497,162,36,75
2022-09-15,25,20,51,17,32,348202,61,271,20,165
2023-07-08,39,21,54,17,40,353283,96,688,16,179
2021-03-07,30,21,86,9,36,620930,418,954,41,198
2022-01-22,38,24,62,18,39,859229,309,349,31,181
2022-10-03,21,19,51,13,16,631511,144,37,7,166
2020-12-29,39,16,76,11,42,519587,378,63,23,176
2020-01-11,27,12,61,12,16,416581,87,463,43,93
2020-01-19,25,15,60,10,27,709413,248,109,32,171
2023-10-26,38,22,81,1,43,117797,317,482,23,123
2023-11-08,25,23,56,8,46,877902,296,840,6,138
2021-10-01,33,25,63,2,29,938410,368,93,29,152
2023-03-03,32,11,78,5,41,641135,169,820,7,80
2020-05-09,20,17,82,5,28,974605,85,243,30,108
2021-02-27,32,26,79,0,31,157507,307,246,16,184
2022-04-08,27,16,51,9,37,693948,137,261,49,101
2023-10-23,33,30,76,8,6,519245,139,72,33,88
2023-02-22,32,27,80,20,13,795997,498,741,21,179
2021-12-07,30,16,72,16,27,440322,148,81,5,90
2020-06-19,20,29,89,15,39,481635,135,476,19,145
2020-07-12,36,17,76,13,5,267697,432,902,29,133
2020-11-24,21,17,54,12,43,455530,253,731,50,154
2022-12-31,31,12,62,18,50,940624,171,297,42,111
2021-01-28,32,22,82,14,19,184782,119,487,30,107
2020-03-07,25,29,77,9,35,551903,190,31,46,64
2022-05-23,29,20,62,1,4,175113,76,156,6,117
2021-05-18,40,19,88,11,48,345668,256,354,45,161
2020-02-13,25,14,72,20,28,413017,378,997,50,130
2020-05-15,20,22,89,13,17,535432,162,193,12,110
2021-07-03,37,15,55,2,13,910485,126,632,33,81
2023-08-29,34,18,57,2,46,293798,293,472,38,71
2022-07-18,31,21,68,2,39,833745,326,977,28,152
2022-03-01,28,12,78,7,49,400188,401,817,30,118
2020-05-27,34,30,57,12,16,605062,294,353,6,198
2020-05-20,21,13,82,12,40,364910,427,309,33,188
2020-09-27,24,23,63,15,24,750621,201,192,26,112
2023-06-10,27,30,50,20,3,880874,377,218,5,180
2021-04-15,27,17,52,0,30,361710,392,497,19,169
2022-12-20,21,10,58,6,10,976158,443,135,45,68
2023-06-19,25,23,85,7,31,798590,420,469,44,51
2022-11-27,22,14,51,4,25,142924,426,343,23,50
2022-12-02,39,11,86,4,27,591053,456,314,14,144
2021-06-02,32,22,84,1,27,405101,216,762,3,171
2020-03-10,29,19,65,12,1,961829,293,822,22,161
2020-07-07,26,11,76,12,43,191281,190,891,31,115
2022-02-05,34,29,53,11,25,720652,409,680,12,197
2022-07-02,24,30,68,13,41,868114,366,932,36,118
2021-08-26,30,14,89,10,12,776861,236,982,18,194
2021-05-12,35,29,58,15,23,697302,84,145,9,66
2022-01-29,27,30,71,0,15,668562,328,870,22,189
2023-10-05,36,30,80,3,17,683962,407,280,24,141
2021-12-19,28,28,59,8,26,425347,195,147,11,104
2022-05-19,30,28,85,18,30,464310,75,18,37,134
2022-09-23,29,29,54,3,29,408780,353,841,2,187
2023-11-24,38,21,64,4,44,508080,452,972,21,124
2023-08-23,31,14,59,15,26,824689,69,964,49,99
2022-06-08,20,24,82,3,40,688461,471,770,32,127
2020-04-09,33,11,79,18,23,340922,71,300,11,54
2022-02-24,40,10,57,15,15,343006,120,494,16,102
2020-02-23,21,20,57,4,38,137169,147,222,11,154
2020-01-02,30,20,55,10,6,313675,470,35,12,147
2023-02-27,38,23,90,17,8,631070,203,976,4,175
2023-04-18,32,24,53,20,15,177246,159,538,7,150
2022-03-16,32,21,81,4,26,111672,258,803,17,69
2022-03-11,36,30,90,9,48,748112,360,752,15,132
2023-07-05,40,13,66,3,35,166403,336,658,4,92
2023-09-01,37,25,61,15,33,482499,475,708,37,82
